ubigeo;departamento;provincia;distrito
010101;Amazonas;Chachapoyas;Chachapoyas
010102;Amazonas;Chachapoyas;Asunción
010103;Amazonas;Chachapoyas;Balsas
010104;Amazonas;Chachapoyas;Cheto
010105;Amazonas;Chachapoyas;Chiliquín
010106;Amazonas;Chachapoyas;Chuquibamba
010107;Amazonas;Chachapoyas;Granada
010108;Amazonas;Chachapoyas;Huancas
010109;Amazonas;Chachapoyas;La Jalca
010110;Amazonas;Chachapoyas;Leimebamba
010111;Amazonas;Chachapoyas;Levanto
010112;Amazonas;Chachapoyas;Magdalena
010113;Amazonas;Chachapoyas;Mariscal Castilla
010114;Amazonas;Chachapoyas;Molinopampa
010115;Amazonas;Chachapoyas;Montevideo
010116;Amazonas;Chachapoyas;Olleros
010117;Amazonas;Chachapoyas;Quinjalca
010118;Amazonas;Chachapoyas;San Francisco de Daguas
010119;Amazonas;Chachapoyas;San Isidro de Maino
010120;Amazonas;Chachapoyas;Soloco
010121;Amazonas;Chachapoyas;Sonche
010201;Amazonas;Bagua;La Peca
010202;Amazonas;Bagua;Aramango
010203;Amazonas;Bagua;Copallín
010204;Amazonas;Bagua;El Parco
010205;Amazonas;Bagua;Bagua
010206;Amazonas;Bagua;Imaza
010301;Amazonas;Bongará;Jumbilla
010302;Amazonas;Bongará;Corosha
010303;Amazonas;Bongará;Cuispes
010304;Amazonas;Bongará;Chisquilla
010305;Amazonas;Bongará;Churuja
010306;Amazonas;Bongará;Florida
010307;Amazonas;Bongará;Recta
010308;Amazonas;Bongará;San Carlos
010309;Amazonas;Bongará;Shipasbamba
010310;Amazonas;Bongará;Valera
010311;Amazonas;Bongará;Yambrasbamba
010312;Amazonas;Bongará;Jazán
010401;Amazonas;Luya;Lámud
010402;Amazonas;Luya;Camporredondo
010403;Amazonas;Luya;Cocabamba
010404;Amazonas;Luya;Colcamar
010405;Amazonas;Luya;Conila
010406;Amazonas;Luya;Inguilpata
010407;Amazonas;Luya;Longuita
010408;Amazonas;Luya;Lonya Chico
010409;Amazonas;Luya;Luya
010410;Amazonas;Luya;Luya Viejo
010411;Amazonas;Luya;María
010412;Amazonas;Luya;Ocalli
010413;Amazonas;Luya;Ocumal
010414;Amazonas;Luya;Pisuquia
010415;Amazonas;Luya;San Cristóbal
010416;Amazonas;Luya;San Francisco del Yeso
010417;Amazonas;Luya;San Jerónimo
010418;Amazonas;Luya;San Juan de Lopecancha
010419;Amazonas;Luya;Santa Catalina
010420;Amazonas;Luya;Santo Tomás
010421;Amazonas;Luya;Tingo
010422;Amazonas;Luya;Trita
010423;Amazonas;Luya;Providencia
010501;Amazonas;Rodríguez de Mendoza;San Nicolás
010502;Amazonas;Rodríguez de Mendoza;Cochamal
010503;Amazonas;Rodríguez de Mendoza;Chirimoto
010504;Amazonas;Rodríguez de Mendoza;Huambo
010505;Amazonas;Rodríguez de Mendoza;Limabamba
010506;Amazonas;Rodríguez de Mendoza;Longar
010507;Amazonas;Rodríguez de Mendoza;Milpuc
010508;Amazonas;Rodríguez de Mendoza;Mariscal Benavides
010509;Amazonas;Rodríguez de Mendoza;Omia
010510;Amazonas;Rodríguez de Mendoza;Santa Rosa
010511;Amazonas;Rodríguez de Mendoza;Totora
010512;Amazonas;Rodríguez de Mendoza;Vista Alegre
010601;Amazonas;Condorcanqui;Nieva
010602;Amazonas;Condorcanqui;Río Santiago
010603;Amazonas;Condorcanqui;El Cenepa
010701;Amazonas;Utcubamba;Bagua Grande
010702;Amazonas;Utcubamba;Cajaruro
010703;Amazonas;Utcubamba;Cumba
010704;Amazonas;Utcubamba;El Milagro
010705;Amazonas;Utcubamba;Jamalca
010706;Amazonas;Utcubamba;Lonya Grande
010707;Amazonas;Utcubamba;Yamón
020101;Áncash;Huaraz;Huaraz
020102;Áncash;Huaraz;Independencia
020103;Áncash;Huaraz;Cochabamba
020104;Áncash;Huaraz;Colcabamba
020105;Áncash;Huaraz;Huanchay
020106;Áncash;Huaraz;Jangas
020107;Áncash;Huaraz;La Libertad
020109;Áncash;Huaraz;Pampas Grande
020110;Áncash;Huaraz;Pariacoto
020111;Áncash;Huaraz;Pira
020112;Áncash;Huaraz;Tarica
020201;Áncash;Aija;Aija
020203;Áncash;Aija;Coris
020205;Áncash;Aija;Huacllán
020206;Áncash;Aija;La Merced
020208;Áncash;Aija;Succha
020301;Áncash;Bolognesi;Chiquián
020302;Áncash;Bolognesi;Abelardo Pardo Lezameta
020304;Áncash;Bolognesi;Aquia
020305;Áncash;Bolognesi;Cajacay
020310;Áncash;Bolognesi;Huayllacayán
020311;Áncash;Bolognesi;Huasta
020313;Áncash;Bolognesi;Mangas
020315;Áncash;Bolognesi;Pacllón
020317;Áncash;Bolognesi;San Miguel de Corpanqui
020320;Áncash;Bolognesi;Ticllos
020321;Áncash;Bolognesi;ANTONIO RAYMONDI
020322;Áncash;Bolognesi;Canis
020323;Áncash;Bolognesi;Colquioc
020324;Áncash;Bolognesi;La Primavera
020325;Áncash;Bolognesi;Huallanca
020401;Áncash;Carhuaz;Carhuaz
020402;Áncash;Carhuaz;Acopampa
020403;Áncash;Carhuaz;Amashca
020404;Áncash;Carhuaz;Anta
020405;Áncash;Carhuaz;Ataquero
020406;Áncash;Carhuaz;Marcará
020407;Áncash;Carhuaz;Pariahuanca
020408;Áncash;Carhuaz;San Miguel de Aco
020409;Áncash;Carhuaz;Shilla
020410;Áncash;Carhuaz;Tinco
020411;Áncash;Carhuaz;Yungar
020501;Áncash;Casma;Casma
020502;Áncash;Casma;Buena Vista Alta
020503;Áncash;Casma;Comandante Noél
020505;Áncash;Casma;Yaután
020601;Áncash;Corongo;Corongo
020602;Áncash;Corongo;Aco
020603;Áncash;Corongo;Bambas
020604;Áncash;Corongo;Cusca
020605;Áncash;Corongo;La Pampa
020606;Áncash;Corongo;Yánac
020607;Áncash;Corongo;Yupán
020701;Áncash;Huaylas;Caraz
020703;Áncash;Huaylas;Huata
020704;Áncash;Huaylas;Huaylas
020705;Áncash;Huaylas;Mato
020706;Áncash;Huaylas;Pamparomás
020707;Áncash;Huaylas;Pueblo Libre
020708;Áncash;Huaylas;Santa Cruz
020709;Áncash;Huaylas;Yuracmarca
020710;Áncash;Huaylas;Santo Toribio
020801;Áncash;Huari;Huari
020802;Áncash;Huari;Cajay
020803;Áncash;Huari;Chavín de Huántar
020804;Áncash;Huari;Huacachi
020805;Áncash;Huari;Huachis
020806;Áncash;Huari;Huacchis
020807;Áncash;Huari;Huántar
020808;Áncash;Huari;Masín
020809;Áncash;Huari;Paucas
020810;Áncash;Huari;Ponto
020811;Áncash;Huari;Rahuapampa
020812;Áncash;Huari;Rapayan
020813;Áncash;Huari;San Marcos
020814;Áncash;Huari;San Pedro de Chana
020815;Áncash;Huari;Uco
020816;Áncash;Huari;Anra
020901;Áncash;Mariscal Luzuriaga;Piscobamba
020902;Áncash;Mariscal Luzuriaga;Casca
020903;Áncash;Mariscal Luzuriaga;Lucma
020904;Áncash;Mariscal Luzuriaga;Fidel Olivas Escudero
020905;Áncash;Mariscal Luzuriaga;Llama
020906;Áncash;Mariscal Luzuriaga;Llumpa
020907;Áncash;Mariscal Luzuriaga;Musga
020908;Áncash;Mariscal Luzuriaga;Eleazar Guzmán Barrón
021001;Áncash;Pallasca;Cabana
021002;Áncash;Pallasca;Bolognesi
021003;Áncash;Pallasca;Conchucos
021004;Áncash;Pallasca;Huacaschuque
021005;Áncash;Pallasca;Huandoval
021006;Áncash;Pallasca;Lacabamba
021007;Áncash;Pallasca;Llapo
021008;Áncash;Pallasca;Pallasca
021009;Áncash;Pallasca;Pampas
021011;Áncash;Pallasca;Tauca
021101;Áncash;Pomabamba;Pomabamba
021102;Áncash;Pomabamba;Huayllán
021103;Áncash;Pomabamba;Parobamba
021104;Áncash;Pomabamba;Quinuabamba
021201;Áncash;Recuay;Recuay
021202;Áncash;Recuay;Cotaparaco
021203;Áncash;Recuay;Huayllapampa
021204;Áncash;Recuay;Marca
021205;Áncash;Recuay;Pampas Chico
021206;Áncash;Recuay;Pararín
021207;Áncash;Recuay;Tapacocha
021208;Áncash;Recuay;Ticapampa
021209;Áncash;Recuay;Llacllin
021210;Áncash;Recuay;Cátac
021301;Áncash;Santa;Chimbote
021302;Áncash;Santa;Cáceres del Perú
021303;Áncash;Santa;Macate
021304;Áncash;Santa;Moro
021305;Áncash;Santa;Nepeña
021306;Áncash;Santa;Samanco
021307;Áncash;Santa;Santa
021308;Áncash;Santa;Coishco
021309;Áncash;Santa;Nuevo Chimbote
021401;Áncash;Sihuas;Sihuas
021402;Áncash;Sihuas;Alfonso Ugarte
021403;Áncash;Sihuas;Chingalpo
021404;Áncash;Sihuas;Huayllabamba
021405;Áncash;Sihuas;Quiches
021406;Áncash;Sihuas;Sicsibamba
021407;Áncash;Sihuas;Acobamba
021408;Áncash;Sihuas;Cashapampa
021409;Áncash;Sihuas;Ragash
021410;Áncash;Sihuas;San Juan
021501;Áncash;Yungay;Yungay
021502;Áncash;Yungay;Cascapara
021503;Áncash;Yungay;Mancos
021504;Áncash;Yungay;Matacoto
021505;Áncash;Yungay;Quillo
021506;Áncash;Yungay;Ranrahirca
021507;Áncash;Yungay;Shupluy
021508;Áncash;Yungay;Yanama
021601;Áncash;Antonio Raymondi;Llamellín
021602;Áncash;Antonio Raymondi;Aczo
021603;Áncash;Antonio Raymondi;Chaccho
021604;Áncash;Antonio Raymondi;Chingas
021605;Áncash;Antonio Raymondi;Mirgas
021606;Áncash;Antonio Raymondi;San Juan de Rontoy
021701;Áncash;Carlos Fermín Fitzcarrald;San Luis
021702;Áncash;Carlos Fermín Fitzcarrald;Yauya
021801;Áncash;Asunción;Chacas
021802;Áncash;Asunción;Acochaca
021901;Áncash;Huarmey;Huarmey
021902;Áncash;Huarmey;Cochapeti
021903;Áncash;Huarmey;Huayán
021904;Áncash;Huarmey;Malvas
021905;Áncash;Huarmey;Culebras
022001;Áncash;Ocros;Acas
022002;Áncash;Ocros;Cajamarquilla
022003;Áncash;Ocros;Carhuapampa
022004;Áncash;Ocros;Cochas
022005;Áncash;Ocros;Congas
022006;Áncash;Ocros;Llipa
022007;Áncash;Ocros;Ocros
022008;Áncash;Ocros;San Cristóbal de Raján
022009;Áncash;Ocros;San Pedro
022010;Áncash;Ocros;Santiago de Chilcas
030101;Apurímac;Abancay;Abancay
030102;Apurímac;Abancay;Circa
030103;Apurímac;Abancay;Curahuasi
030104;Apurímac;Abancay;Chacoche
030105;Apurímac;Abancay;Huanipaca
030106;Apurímac;Abancay;Lambrama
030107;Apurímac;Abancay;Pichirhua
030108;Apurímac;Abancay;San Pedro de Cachora
030109;Apurímac;Abancay;Tamburco
030201;Apurímac;Aymaraes;Chalhuanca
030202;Apurímac;Aymaraes;Capaya
030203;Apurímac;Aymaraes;Caraybamba
030205;Apurímac;Aymaraes;Cotaruse
030206;Apurímac;Aymaraes;Chapimarca
030207;Apurímac;Aymaraes;Ihuayllo
030208;Apurímac;Aymaraes;Lucre
030209;Apurímac;Aymaraes;Pocohuanca
030210;Apurímac;Aymaraes;Sañayca
030211;Apurímac;Aymaraes;Soraya
030212;Apurímac;Aymaraes;Tapairihua
030213;Apurímac;Aymaraes;Tintay
030214;Apurímac;Aymaraes;Toraya
030215;Apurímac;Aymaraes;Yanaca
030216;Apurímac;Aymaraes;San Juan de Chacña
030217;Apurímac;Aymaraes;Justo Apu Sahuaraura
030301;Apurímac;Andahuaylas;Andahuaylas
030302;Apurímac;Andahuaylas;Andarapa
030303;Apurímac;Andahuaylas;Chiara
030304;Apurímac;Andahuaylas;Huancarama
030305;Apurímac;Andahuaylas;Huancaray
030306;Apurímac;Andahuaylas;Kishuara
030307;Apurímac;Andahuaylas;Pacobamba
030308;Apurímac;Andahuaylas;Pampachiri
030309;Apurímac;Andahuaylas;San Antonio de Cachi
030311;Apurímac;Andahuaylas;Talavera
030312;Apurímac;Andahuaylas;Turpo
030313;Apurímac;Andahuaylas;Pacucha
030314;Apurímac;Andahuaylas;Pomacocha
030315;Apurímac;Andahuaylas;Santa María de Chicmo
030316;Apurímac;Andahuaylas;Tumay Huaraca
030317;Apurímac;Andahuaylas;Huayana
030318;Apurímac;Andahuaylas;San Miguel de Chaccrampa
030319;Apurímac;Andahuaylas;Kaquiabamba
030320;Apurímac;Andahuaylas;José María Arguedas
030401;Apurímac;Antabamba;Antabamba
030402;Apurímac;Antabamba;El Oro
030403;Apurímac;Antabamba;Huaquirca
030404;Apurímac;Antabamba;Juan Espinoza Medrano
030405;Apurímac;Antabamba;Oropesa
030406;Apurímac;Antabamba;Pachaconas
030407;Apurímac;Antabamba;Sabaino
030501;Apurímac;Cotabambas;Tambobamba
030502;Apurímac;Cotabambas;Coyllurqui
030503;Apurímac;Cotabambas;Cotabambas
030504;Apurímac;Cotabambas;Haquira
030505;Apurímac;Cotabambas;Mara
030506;Apurímac;Cotabambas;Challhuahuacho
030601;Apurímac;Grau;Chuquibambilla
030602;Apurímac;Grau;Curpahuasi
030603;Apurímac;Grau;Huayllati
030604;Apurímac;Grau;Mamara
030605;Apurímac;Grau;Mariscal Gamarra
030606;Apurímac;Grau;Micaela Bastidas
030607;Apurímac;Grau;Progreso
030608;Apurímac;Grau;Pataypampa
030609;Apurímac;Grau;San Antonio
030610;Apurímac;Grau;Turpay
030611;Apurímac;Grau;Vilcabamba
030612;Apurímac;Grau;Virundo
030614;Apurímac;Grau;Curasco
030701;Apurímac;Chincheros;Chincheros
030702;Apurímac;Chincheros;Ongoy
030703;Apurímac;Chincheros;Ocobamba
030704;Apurímac;Chincheros;Cocharcas
030705;Apurímac;Chincheros;Anco-Huallo
030706;Apurímac;Chincheros;Huaccana
030707;Apurímac;Chincheros;Uranmarca
030708;Apurímac;Chincheros;Ranracancha
030709;Apurímac;Chincheros;Rocchacc
030710;Apurímac;Chincheros;El Porvenir
030711;Apurímac;Chincheros;Los Chankas
030712;Apurímac;Chincheros;Ahuayro
040101;Arequipa;Arequipa;Arequipa
040102;Arequipa;Arequipa;Cayma
040103;Arequipa;Arequipa;Cerro Colorado
040104;Arequipa;Arequipa;Characato
040105;Arequipa;Arequipa;Chiguata
040106;Arequipa;Arequipa;La Joya
040107;Arequipa;Arequipa;Miraflores
040108;Arequipa;Arequipa;Mollebaya
040109;Arequipa;Arequipa;Paucarpata
040110;Arequipa;Arequipa;Pocsi
040111;Arequipa;Arequipa;Polobaya
040112;Arequipa;Arequipa;Quequeña
040113;Arequipa;Arequipa;Sabandia
040114;Arequipa;Arequipa;Sachaca
040115;Arequipa;Arequipa;San Juan de Siguas
040116;Arequipa;Arequipa;San Juan de Tarucani
040117;Arequipa;Arequipa;Santa Isabel de Siguas
040118;Arequipa;Arequipa;Santa Rita de Siguas
040119;Arequipa;Arequipa;Socabaya
040120;Arequipa;Arequipa;Tiabaya
040121;Arequipa;Arequipa;Uchumayo
040122;Arequipa;Arequipa;Vitor
040123;Arequipa;Arequipa;Yanahuara
040124;Arequipa;Arequipa;Yarabamba
040125;Arequipa;Arequipa;Yura
040126;Arequipa;Arequipa;Mariano Melgar
040127;Arequipa;Arequipa;Jacobo Hunter
040128;Arequipa;Arequipa;Alto Selva Alegre
040129;Arequipa;Arequipa;José Luis Bustamante y Rivero
040201;Arequipa;Caylloma;Chivay
040202;Arequipa;Caylloma;Achoma
040203;Arequipa;Caylloma;Cabanaconde
040204;Arequipa;Caylloma;Caylloma
040205;Arequipa;Caylloma;Callalli
040206;Arequipa;Caylloma;Coporaque
040208;Arequipa;Caylloma;Huanca
040209;Arequipa;Caylloma;Ichupampa
040210;Arequipa;Caylloma;Lari
040211;Arequipa;Caylloma;Lluta
040212;Arequipa;Caylloma;Maca
040213;Arequipa;Caylloma;Madrigal
040214;Arequipa;Caylloma;San Antonio de Chuca
040215;Arequipa;Caylloma;Sibayo
040216;Arequipa;Caylloma;Tapay
040217;Arequipa;Caylloma;Tisco
040218;Arequipa;Caylloma;Tuti
040219;Arequipa;Caylloma;Yanque
040220;Arequipa;Caylloma;Majes
040301;Arequipa;Camaná;Camaná
040302;Arequipa;Camaná;José María Quimper
040303;Arequipa;Camaná;Mariano Nicolás Valcárcel
040304;Arequipa;Camaná;Mariscal Cáceres
040305;Arequipa;Camaná;Nicolás de Piérola
040306;Arequipa;Camaná;Ocoña
040307;Arequipa;Camaná;Quilca
040308;Arequipa;Camaná;Samuel Pastor
040401;Arequipa;Caravelí;Caravelí
040402;Arequipa;Caravelí;Acarí
040403;Arequipa;Caravelí;Atico
040404;Arequipa;Caravelí;Atiquipa
040405;Arequipa;Caravelí;Bella Unión
040406;Arequipa;Caravelí;Cahuacho
040407;Arequipa;Caravelí;Chala
040408;Arequipa;Caravelí;Chaparra
040409;Arequipa;Caravelí;Huanuhuanu
040410;Arequipa;Caravelí;Jaqui
040411;Arequipa;Caravelí;Lomas
040412;Arequipa;Caravelí;Quicacha
040413;Arequipa;Caravelí;Yauca
040501;Arequipa;Castilla;Aplao
040502;Arequipa;Castilla;Andagua
040503;Arequipa;Castilla;Ayo
040504;Arequipa;Castilla;Chachas
040505;Arequipa;Castilla;Chilcaymarca
040506;Arequipa;Castilla;Choco
040507;Arequipa;Castilla;Huancarqui
040508;Arequipa;Castilla;Machaguay
040509;Arequipa;Castilla;Orcopampa
040510;Arequipa;Castilla;Pampacolca
040511;Arequipa;Castilla;Tipán
040512;Arequipa;Castilla;Uraca
040513;Arequipa;Castilla;Uñón
040514;Arequipa;Castilla;Viraco
040602;Arequipa;Condesuyos;Andaray
040603;Arequipa;Condesuyos;Cayarani
040604;Arequipa;Condesuyos;Chichas
040605;Arequipa;Condesuyos;Iray
040606;Arequipa;Condesuyos;Salamanca
040607;Arequipa;Condesuyos;Yanaquihua
040608;Arequipa;Condesuyos;Río Grande
040701;Arequipa;Islay;Mollendo
040702;Arequipa;Islay;Cocachacra
040703;Arequipa;Islay;Dean Valdivia
040704;Arequipa;Islay;Islay
040705;Arequipa;Islay;Mejía
040706;Arequipa;Islay;Punta de Bombón
040801;Arequipa;La Unión;Cotahuasi
040802;Arequipa;La Unión;Alca
040803;Arequipa;La Unión;Charcana
040804;Arequipa;La Unión;Huaynacotas
040805;Arequipa;La Unión;Pampamarca
040806;Arequipa;La Unión;Puyca
040807;Arequipa;La Unión;Quechualla
040808;Arequipa;La Unión;Sayla
040809;Arequipa;La Unión;Tauria
040810;Arequipa;La Unión;Tomepampa
040811;Arequipa;La Unión;Toro
050101;Ayacucho;Huamanga;Ayacucho
050102;Ayacucho;Huamanga;Acos Vinchos
050103;Ayacucho;Huamanga;Carmen Alto
050105;Ayacucho;Huamanga;Quinua
050106;Ayacucho;Huamanga;San José de Ticllas
050107;Ayacucho;Huamanga;San Juan Bautista
050108;Ayacucho;Huamanga;Santiago de Pischa
050109;Ayacucho;Huamanga;Vinchos
050110;Ayacucho;Huamanga;Tambillo
050111;Ayacucho;Huamanga;Acocro
050112;Ayacucho;Huamanga;Socos
050114;Ayacucho;Huamanga;Pacaycasa
050115;Ayacucho;Huamanga;Jesús Nazareno
050116;Ayacucho;Huamanga;Andrés Avelino Cáceres Dorregaray
050201;Ayacucho;Cangallo;Cangallo
050204;Ayacucho;Cangallo;Chuschi
050206;Ayacucho;Cangallo;Los Morochucos
050207;Ayacucho;Cangallo;Paras
050208;Ayacucho;Cangallo;Totos
050211;Ayacucho;Cangallo;María Parado de Bellido
050301;Ayacucho;Huanta;Huanta
050302;Ayacucho;Huanta;Ayahuanco
050303;Ayacucho;Huanta;Huamanguilla
050304;Ayacucho;Huanta;Iguain
050305;Ayacucho;Huanta;Luricocha
050307;Ayacucho;Huanta;Santillana
050308;Ayacucho;Huanta;Sivia
050309;Ayacucho;Huanta;Llochegua
050310;Ayacucho;Huanta;Canayre
050311;Ayacucho;Huanta;Uchuraccay
050312;Ayacucho;Huanta;Pucacolpa
050313;Ayacucho;Huanta;Chaca
050314;Ayacucho;Huanta;Putis
050401;Ayacucho;La Mar;San Miguel
050402;Ayacucho;La Mar;Anco
050403;Ayacucho;La Mar;Ayna
050404;Ayacucho;La Mar;Chilcas
050405;Ayacucho;La Mar;Chungui
050406;Ayacucho;La Mar;Tambo
050407;Ayacucho;La Mar;Luis Carranza
050409;Ayacucho;La Mar;Samugari
050410;Ayacucho;La Mar;Anchihuay
050411;Ayacucho;La Mar;Oronccoy
050412;Ayacucho;La Mar;Unión Progreso
050413;Ayacucho;La Mar;Patibamba
050414;Ayacucho;La Mar;Ninabamba
050415;Ayacucho;La Mar;Río Magdalena
050501;Ayacucho;Lucanas;Puquio
050502;Ayacucho;Lucanas;Aucara
050504;Ayacucho;Lucanas;Carmen Salcedo
050506;Ayacucho;Lucanas;Chaviña
050508;Ayacucho;Lucanas;Chipao
050510;Ayacucho;Lucanas;Huac-Huas
050511;Ayacucho;Lucanas;Laramate
050512;Ayacucho;Lucanas;Leoncio Prado
050513;Ayacucho;Lucanas;Lucanas
050514;Ayacucho;Lucanas;Llauta
050516;Ayacucho;Lucanas;Ocaña
050517;Ayacucho;Lucanas;Otoca
050520;Ayacucho;Lucanas;Sancos
050524;Ayacucho;Lucanas;Santa Ana de Huaycahuacho
050525;Ayacucho;Lucanas;Santa Lucia
050529;Ayacucho;Lucanas;Saisa
050531;Ayacucho;Lucanas;San Pedro de Palco
050601;Ayacucho;Parinacochas;Coracora
050604;Ayacucho;Parinacochas;Coronel Castañeda
050605;Ayacucho;Parinacochas;Chumpi
050608;Ayacucho;Parinacochas;Pacapausa
050611;Ayacucho;Parinacochas;Pullo
050612;Ayacucho;Parinacochas;Puyusca
050615;Ayacucho;Parinacochas;San Francisco de Rivacayco
050616;Ayacucho;Parinacochas;Upahuacho
050701;Ayacucho;Víctor Fajardo;Huancapi
050702;Ayacucho;Víctor Fajardo;Alcamenca
050703;Ayacucho;Víctor Fajardo;Apongo
050704;Ayacucho;Víctor Fajardo;Canaria
050706;Ayacucho;Víctor Fajardo;Cayara
050707;Ayacucho;Víctor Fajardo;Colca
050708;Ayacucho;Víctor Fajardo;Hualla
050709;Ayacucho;Víctor Fajardo;Huamanquiquia
050710;Ayacucho;Víctor Fajardo;Huancaraylla
050713;Ayacucho;Víctor Fajardo;Sarhua
050714;Ayacucho;Víctor Fajardo;Vilcanchos
050715;Ayacucho;Víctor Fajardo;Asquipata
050802;Ayacucho;Huanca Sancos;Sacsamarca
050803;Ayacucho;Huanca Sancos;Santiago de Lucanamarca
050804;Ayacucho;Huanca Sancos;Carapo
050901;Ayacucho;Vilcas Huamán;Vilcas Huamán
050902;Ayacucho;Vilcas Huamán;Vischongo
050903;Ayacucho;Vilcas Huamán;Accomarca
050904;Ayacucho;Vilcas Huamán;Carhuanca
050905;Ayacucho;Vilcas Huamán;Concepción
050906;Ayacucho;Vilcas Huamán;Huambalpa
050907;Ayacucho;Vilcas Huamán;Saurama
051001;Ayacucho;Páucar del Sara Sara;Pausa
051002;Ayacucho;Páucar del Sara Sara;Colta
051003;Ayacucho;Páucar del Sara Sara;Corculla
051004;Ayacucho;Páucar del Sara Sara;Lampa
051005;Ayacucho;Páucar del Sara Sara;Marcabamba
051006;Ayacucho;Páucar del Sara Sara;Oyolo
051007;Ayacucho;Páucar del Sara Sara;Pararca
051008;Ayacucho;Páucar del Sara Sara;San Javier de Alpabamba
051009;Ayacucho;Páucar del Sara Sara;San José de Ushua
051010;Ayacucho;Páucar del Sara Sara;Sara Sara
051101;Ayacucho;Sucre;Querobamba
051102;Ayacucho;Sucre;Belén
051103;Ayacucho;Sucre;Chalcos
051104;Ayacucho;Sucre;San Salvador de Quije
051105;Ayacucho;Sucre;Paico
051106;Ayacucho;Sucre;Santiago de Paucaray
051107;Ayacucho;Sucre;San Pedro de Larcay
051108;Ayacucho;Sucre;Soras
051109;Ayacucho;Sucre;Huacaña
051110;Ayacucho;Sucre;Chilcayoc
051111;Ayacucho;Sucre;Morcolla
060101;Cajamarca;Cajamarca;Cajamarca
060103;Cajamarca;Cajamarca;Cospán
060104;Cajamarca;Cajamarca;Chetilla
060105;Cajamarca;Cajamarca;Encañada
060106;Cajamarca;Cajamarca;Jesús
060107;Cajamarca;Cajamarca;Los Baños del Inca
060108;Cajamarca;Cajamarca;Llacanora
060110;Cajamarca;Cajamarca;Matara
060111;Cajamarca;Cajamarca;Namora
060201;Cajamarca;Cajabamba;Cajabamba
060202;Cajamarca;Cajabamba;Cachachi
060203;Cajamarca;Cajabamba;Condebamba
060204;Cajamarca;Cajabamba;Sayapullo
060205;Cajamarca;Cajabamba;Sitacocha
060301;Cajamarca;Celendín;Celendín
060302;Cajamarca;Celendín;Cortegana
060303;Cajamarca;Celendín;Chumuch
060304;Cajamarca;Celendín;Huasmín
060305;Cajamarca;Celendín;Jorge Chávez
060306;Cajamarca;Celendín;José Gálvez
060307;Cajamarca;Celendín;Miguel Iglesias
060308;Cajamarca;Celendín;Oxamarca
060309;Cajamarca;Celendín;Sorochuco
060310;Cajamarca;Celendín;Sucre
060311;Cajamarca;Celendín;Utco
060312;Cajamarca;Celendín;La Libertad de Pallán
060401;Cajamarca;Contumazá;Contumazá
060402;Cajamarca;Contumazá;Cascas
060403;Cajamarca;Contumazá;Chilete
060404;Cajamarca;Contumazá;Guzmango
060405;Cajamarca;Contumazá;San Benito
060406;Cajamarca;Contumazá;Cupisnique
060407;Cajamarca;Contumazá;Tantarica
060408;Cajamarca;Contumazá;Yonán
060409;Cajamarca;Contumazá;Santa Cruz de Toled
060501;Cajamarca;Cutervo;Cutervo
060502;Cajamarca;Cutervo;Callayuc
060503;Cajamarca;Cutervo;Cujillo
060504;Cajamarca;Cutervo;Choros
060505;Cajamarca;Cutervo;La Ramada
060506;Cajamarca;Cutervo;Pimpingos
060507;Cajamarca;Cutervo;Querocotillo
060508;Cajamarca;Cutervo;San Andrés de Cutervo
060509;Cajamarca;Cutervo;San Juan de Cutervo
060510;Cajamarca;Cutervo;San Luis de Lucma
060512;Cajamarca;Cutervo;Santo Domingo de La Capilla
060514;Cajamarca;Cutervo;Socota
060515;Cajamarca;Cutervo;Toribio Casanova
060601;Cajamarca;Chota;Chota
060602;Cajamarca;Chota;Anguia
060604;Cajamarca;Chota;Conchán
060605;Cajamarca;Chota;Chadin
060606;Cajamarca;Chota;Chiguirip
060607;Cajamarca;Chota;Chimbán
060608;Cajamarca;Chota;Huambos
060609;Cajamarca;Chota;Lajas
060611;Cajamarca;Chota;Miracosta
060612;Cajamarca;Chota;Paccha
060613;Cajamarca;Chota;Pion
060614;Cajamarca;Chota;Querocoto
060615;Cajamarca;Chota;Tacabamba
060616;Cajamarca;Chota;Tocmoche
060617;Cajamarca;Chota;San Juan de Licupis
060618;Cajamarca;Chota;Choropampa
060619;Cajamarca;Chota;Chalamarca
060701;Cajamarca;Hualgayoc;Bambamarca
060702;Cajamarca;Hualgayoc;Chugur
060703;Cajamarca;Hualgayoc;Hualgayoc
060801;Cajamarca;Jaén;Jaén
060802;Cajamarca;Jaén;Bellavista
060803;Cajamarca;Jaén;Colasay
060804;Cajamarca;Jaén;Chontali
060805;Cajamarca;Jaén;Pomahuaca
060806;Cajamarca;Jaén;Pucará
060807;Cajamarca;Jaén;Sallique
060808;Cajamarca;Jaén;San Felipe
060809;Cajamarca;Jaén;San José del Alto
060811;Cajamarca;Jaén;Las Pirias
060812;Cajamarca;Jaén;Huabal
060902;Cajamarca;Santa Cruz;Catache
060903;Cajamarca;Santa Cruz;Chancaybaños
060904;Cajamarca;Santa Cruz;La Esperanza
060906;Cajamarca;Santa Cruz;Pulán
060907;Cajamarca;Santa Cruz;Sexi
060908;Cajamarca;Santa Cruz;Uticyacu
060909;Cajamarca;Santa Cruz;Yauyucán
060910;Cajamarca;Santa Cruz;Andabamba
060911;Cajamarca;Santa Cruz;Saucepampa
061002;Cajamarca;San Miguel;Calquis
061003;Cajamarca;San Miguel;La Florida
061004;Cajamarca;San Miguel;Llapa
061005;Cajamarca;San Miguel;Nanchoc
061006;Cajamarca;San Miguel;Niepos
061007;Cajamarca;San Miguel;San Gregorio
061008;Cajamarca;San Miguel;San Silvestre de Cochán
061009;Cajamarca;San Miguel;El Prado
061010;Cajamarca;San Miguel;Unión Agua Blanca
061011;Cajamarca;San Miguel;Tongod
061012;Cajamarca;San Miguel;Catilluc
061013;Cajamarca;San Miguel;Bolívar
061101;Cajamarca;San Ignacio;San Ignacio
061102;Cajamarca;San Ignacio;Chirinos
061103;Cajamarca;San Ignacio;Huarango
061104;Cajamarca;San Ignacio;Namballe
061105;Cajamarca;San Ignacio;La Coipa
061106;Cajamarca;San Ignacio;San José de Lourdes
061107;Cajamarca;San Ignacio;Tabaconas
061201;Cajamarca;San Marcos;Pedro Gálvez
061202;Cajamarca;San Marcos;Ichocán
061203;Cajamarca;San Marcos;Gregorio Pita
061204;Cajamarca;San Marcos;José Manuel Quiroz
061205;Cajamarca;San Marcos;Eduardo Villanueva
061206;Cajamarca;San Marcos;José Sabogal
061207;Cajamarca;San Marcos;Chancay
061301;Cajamarca;San Pablo;San Pablo
061302;Cajamarca;San Pablo;San Bernardino
061304;Cajamarca;San Pablo;Tumbadén
070101;Cusco;Cusco;Cusco
070102;Cusco;Cusco;Ccorca
070103;Cusco;Cusco;Poroy
070105;Cusco;Cusco;San Sebastián
070106;Cusco;Cusco;Santiago
070107;Cusco;Cusco;Saylla
070108;Cusco;Cusco;Wanchaq
070201;Cusco;Acomayo;Acomayo
070202;Cusco;Acomayo;Acopia
070203;Cusco;Acomayo;Acos
070204;Cusco;Acomayo;Pomacanchi
070205;Cusco;Acomayo;Rondocán
070206;Cusco;Acomayo;Sangarara
070207;Cusco;Acomayo;Mosoc Llacta
070302;Cusco;Anta;Chinchaypujio
070303;Cusco;Anta;Huarocondo
070304;Cusco;Anta;Limatambo
070305;Cusco;Anta;Mollepata
070306;Cusco;Anta;Pucyura
070307;Cusco;Anta;Zurite
070308;Cusco;Anta;Cachimayo
070309;Cusco;Anta;Ancahuasi
070401;Cusco;Calca;Calca
070402;Cusco;Calca;Coya
070403;Cusco;Calca;Lamay
070404;Cusco;Calca;Lares
070405;Cusco;Calca;Pisac
070406;Cusco;Calca;San Salvador
070407;Cusco;Calca;Taray
070408;Cusco;Calca;Yanatile
070501;Cusco;Canas;Yanaoca
070502;Cusco;Canas;Checca
070503;Cusco;Canas;Kunturkanki
070504;Cusco;Canas;Langui
070505;Cusco;Canas;Layo
070507;Cusco;Canas;Quehue
070508;Cusco;Canas;Túpac Amaru
070601;Cusco;Canchis;Sicuani
070602;Cusco;Canchis;Combapata
070603;Cusco;Canchis;Checacupe
070604;Cusco;Canchis;Marangani
070605;Cusco;Canchis;Pitumarca
070608;Cusco;Canchis;Tinta
070702;Cusco;Chumbivilcas;Capacmarca
070703;Cusco;Chumbivilcas;Colquemarca
070704;Cusco;Chumbivilcas;Chamaca
070705;Cusco;Chumbivilcas;Livitaca
070706;Cusco;Chumbivilcas;Llusco
070707;Cusco;Chumbivilcas;Quiñota
070708;Cusco;Chumbivilcas;Velille
070801;Cusco;Espinar;Espinar
070802;Cusco;Espinar;Condoroma
070804;Cusco;Espinar;Ocoruro
070805;Cusco;Espinar;Pallpata
070806;Cusco;Espinar;Pichigua
070807;Cusco;Espinar;Suyckutambo
070808;Cusco;Espinar;Alto Pichigua
070901;Cusco;La Convención;Santa Ana
070902;Cusco;La Convención;Echarate
070903;Cusco;La Convención;Huayopata
070904;Cusco;La Convención;Maranura
070906;Cusco;La Convención;Santa Teresa
070908;Cusco;La Convención;Quellouno
070909;Cusco;La Convención;Kimbiri
070910;Cusco;La Convención;Pichari
070911;Cusco;La Convención;Inkawasi
070912;Cusco;La Convención;Villa Virgen
070913;Cusco;La Convención;Villa Kintiarina
070915;Cusco;La Convención;Megantoni
070916;Cusco;La Convención;Kumpirushiato
070917;Cusco;La Convención;Cielo Punco
070918;Cusco;La Convención;Manitea
070919;Cusco;La Convención;Unión Ashaninka
071001;Cusco;Paruro;Paruro
071002;Cusco;Paruro;Accha
071003;Cusco;Paruro;Ccapi
071004;Cusco;Paruro;Colcha
071005;Cusco;Paruro;Huanoquite
071006;Cusco;Paruro;Omacha
071007;Cusco;Paruro;Yaurisque
071008;Cusco;Paruro;Paccaritambo
071009;Cusco;Paruro;Pillpinto
071101;Cusco;Paucartambo;Paucartambo
071102;Cusco;Paucartambo;Caicay
071103;Cusco;Paucartambo;Colquepata
071104;Cusco;Paucartambo;Challabamba
071105;Cusco;Paucartambo;Kosñipata
071106;Cusco;Paucartambo;Huancarani
071201;Cusco;Quispicanchi;Urcos
071202;Cusco;Quispicanchi;Andahuaylillas
071203;Cusco;Quispicanchi;Camanti
071204;Cusco;Quispicanchi;Ccarhuayo
071205;Cusco;Quispicanchi;Ccatca
071206;Cusco;Quispicanchi;Cusipata
071207;Cusco;Quispicanchi;Huaro
071209;Cusco;Quispicanchi;Marcapata
071210;Cusco;Quispicanchi;Ocongate
071212;Cusco;Quispicanchi;Quiquijana
071301;Cusco;Urubamba;Urubamba
071302;Cusco;Urubamba;Chinchero
071304;Cusco;Urubamba;Machupicchu
071305;Cusco;Urubamba;Maras
071306;Cusco;Urubamba;Ollantaytambo
071307;Cusco;Urubamba;Yucay
080101;Huancavelica;Huancavelica;Huancavelica
080102;Huancavelica;Huancavelica;Acobambilla
080103;Huancavelica;Huancavelica;Acoria
080104;Huancavelica;Huancavelica;Conayca
080105;Huancavelica;Huancavelica;Cuenca
080106;Huancavelica;Huancavelica;Huachocolpa
080108;Huancavelica;Huancavelica;Huayllahuara
080109;Huancavelica;Huancavelica;Izcuchaca
080110;Huancavelica;Huancavelica;Laria
080111;Huancavelica;Huancavelica;Manta
080113;Huancavelica;Huancavelica;Moya
080114;Huancavelica;Huancavelica;Nuevo Occoro
080115;Huancavelica;Huancavelica;Palca
080116;Huancavelica;Huancavelica;Pilchaca
080117;Huancavelica;Huancavelica;Vilca
080118;Huancavelica;Huancavelica;Yauli
080119;Huancavelica;Huancavelica;Ascensión
080120;Huancavelica;Huancavelica;Huando
080204;Huancavelica;Acobamba;Caja
080205;Huancavelica;Acobamba;Marcas
080206;Huancavelica;Acobamba;Paucara
080208;Huancavelica;Acobamba;Rosario
080301;Huancavelica;Angaraes;Lircay
080302;Huancavelica;Angaraes;Anchonga
080303;Huancavelica;Angaraes;Callanmarca
080304;Huancavelica;Angaraes;Congalla
080305;Huancavelica;Angaraes;Chincho
080306;Huancavelica;Angaraes;Huallay Grande
080307;Huancavelica;Angaraes;Huanca-Huanca
080308;Huancavelica;Angaraes;Julcamarca
080309;Huancavelica;Angaraes;San Antonio de Antaparco
080310;Huancavelica;Angaraes;Santo Tomás de Pata
080311;Huancavelica;Angaraes;Secclla
080312;Huancavelica;Angaraes;Ccochaccasa
080401;Huancavelica;Castrovirreyna;Castrovirreyna
080402;Huancavelica;Castrovirreyna;Arma
080403;Huancavelica;Castrovirreyna;Aurahua
080405;Huancavelica;Castrovirreyna;Capillas
080406;Huancavelica;Castrovirreyna;Cocas
080408;Huancavelica;Castrovirreyna;Chupamarca
080409;Huancavelica;Castrovirreyna;Huachos
080410;Huancavelica;Castrovirreyna;Huamatambo
080414;Huancavelica;Castrovirreyna;Mollepampa
080427;Huancavelica;Castrovirreyna;Tantara
080428;Huancavelica;Castrovirreyna;Ticrapo
080502;Huancavelica;Tayacaja;Acostambo
080503;Huancavelica;Tayacaja;Acraquia
080504;Huancavelica;Tayacaja;Ahuaycha
080509;Huancavelica;Tayacaja;Daniel Hernández
080512;Huancavelica;Tayacaja;Huaribamba
080515;Huancavelica;Tayacaja;Ñahuimpuquio
080517;Huancavelica;Tayacaja;Pazos
080518;Huancavelica;Tayacaja;Quishuar
080519;Huancavelica;Tayacaja;Salcabamba
080520;Huancavelica;Tayacaja;San Marcos de Rocchac
080523;Huancavelica;Tayacaja;Surcubamba
080524;Huancavelica;Tayacaja;Pachamarca
080525;Huancavelica;Tayacaja;Tintay Puncu
080526;Huancavelica;Tayacaja;Salcahuasi
080528;Huancavelica;Tayacaja;Quichuas
080529;Huancavelica;Tayacaja;Andaymarca
080530;Huancavelica;Tayacaja;Roble
080531;Huancavelica;Tayacaja;Pichos
080532;Huancavelica;Tayacaja;Santiago de Tucuma
080533;Huancavelica;Tayacaja;Lambras
080601;Huancavelica;Huaytará;Ayavi
080602;Huancavelica;Huaytará;Córdova
080603;Huancavelica;Huaytará;Huayacundo Arma
080604;Huancavelica;Huaytará;Huaytará
080605;Huancavelica;Huaytará;Laramarca
080606;Huancavelica;Huaytará;Ocoyo
080607;Huancavelica;Huaytará;Pilpichaca
080608;Huancavelica;Huaytará;Querco
080609;Huancavelica;Huaytará;Quito-Arma
080610;Huancavelica;Huaytará;San Antonio de Cusicancha
080611;Huancavelica;Huaytará;San Francisco de Sangayaico
080612;Huancavelica;Huaytará;San Isidro
080613;Huancavelica;Huaytará;Santiago de Chocorvos
080614;Huancavelica;Huaytará;Santiago de Quirahuara
080615;Huancavelica;Huaytará;Santo Domingo de Capillas
080701;Huancavelica;Churcampa;Churcampa
080703;Huancavelica;Churcampa;Chinchihuasi
080704;Huancavelica;Churcampa;El Carmen
080706;Huancavelica;Churcampa;Locroja
080707;Huancavelica;Churcampa;Paucarbamba
080708;Huancavelica;Churcampa;San Miguel de Mayocc
080709;Huancavelica;Churcampa;San Pedro de Coris
080711;Huancavelica;Churcampa;Cosme
090101;Huánuco;Huánuco;Huánuco
090102;Huánuco;Huánuco;Chinchao
090103;Huánuco;Huánuco;Churubamba
090104;Huánuco;Huánuco;Margos
090105;Huánuco;Huánuco;Quisqui
090106;Huánuco;Huánuco;San Francisco de Cayrán
090107;Huánuco;Huánuco;San Pedro de Chaulan
090108;Huánuco;Huánuco;Santa María del Valle
090109;Huánuco;Huánuco;Yarumayo
090110;Huánuco;Huánuco;Amarilis
090111;Huánuco;Huánuco;Pillco Marca
090112;Huánuco;Huánuco;Yacus
090113;Huánuco;Huánuco;San Pablo de Pillao
090201;Huánuco;Ambo;Ambo
090202;Huánuco;Ambo;Cayna
090203;Huánuco;Ambo;Colpas
090204;Huánuco;Ambo;Conchamarca
090205;Huánuco;Ambo;Huacar
090206;Huánuco;Ambo;San Francisco
090207;Huánuco;Ambo;San Rafael
090208;Huánuco;Ambo;Tomay Kichwa
090301;Huánuco;Dos de Mayo;La Unión
090307;Huánuco;Dos de Mayo;Chuquis
090312;Huánuco;Dos de Mayo;Marías
090314;Huánuco;Dos de Mayo;Pachas
090316;Huánuco;Dos de Mayo;Quivilla
090317;Huánuco;Dos de Mayo;Ripan
090321;Huánuco;Dos de Mayo;Shunqui
090322;Huánuco;Dos de Mayo;Sillapata
090323;Huánuco;Dos de Mayo;Yanas
090324;Huánuco;Dos de Mayo;APARICIO POMARES
090325;Huánuco;Dos de Mayo;Baños
090326;Huánuco;Dos de Mayo;Cahuac
090327;Huánuco;Dos de Mayo;Chacabamba
090328;Huánuco;Dos de Mayo;Chavinillo
090329;Huánuco;Dos de Mayo;Jacas Chico
090331;Huánuco;Dos de Mayo;Jivia
090332;Huánuco;Dos de Mayo;Obas
090334;Huánuco;Dos de Mayo;Queropalca
090335;Huánuco;Dos de Mayo;Rondos
090336;Huánuco;Dos de Mayo;San Francisco de Asis
090337;Huánuco;Dos de Mayo;San Miguel de Cauri
090401;Huánuco;Huamalíes;Llata
090402;Huánuco;Huamalíes;Arancay
090403;Huánuco;Huamalíes;Chavín de Pariarca
090404;Huánuco;Huamalíes;Jacas Grande
090405;Huánuco;Huamalíes;Jircan
090407;Huánuco;Huamalíes;Monzón
090408;Huánuco;Huamalíes;Punchao
090409;Huánuco;Huamalíes;Puños
090410;Huánuco;Huamalíes;Singa
090411;Huánuco;Huamalíes;Tantamayo
090501;Huánuco;Marañón;Huacrachuco
090502;Huánuco;Marañón;Cholón
090505;Huánuco;Marañón;San Buenaventura
090506;Huánuco;Marañón;La Morada
090507;Huánuco;Marañón;Santa Rosa de Alto Yanajanca
090601;Huánuco;Leoncio Prado;Rupa-Rupa
090602;Huánuco;Leoncio Prado;Daniel Alomia Robles
090603;Huánuco;Leoncio Prado;Hermilio Valdizán
090604;Huánuco;Leoncio Prado;Luyando
090605;Huánuco;Leoncio Prado;Mariano Damaso Beraún
090606;Huánuco;Leoncio Prado;José Crespo y Castillo
090607;Huánuco;Leoncio Prado;Pucayacu
090608;Huánuco;Leoncio Prado;Castillo Grande
090609;Huánuco;Leoncio Prado;Pueblo Nuevo
090610;Huánuco;Leoncio Prado;Santo Domingo de Anda
090701;Huánuco;Pachitea;Panao
090702;Huánuco;Pachitea;Chaglla
090704;Huánuco;Pachitea;Molino
090706;Huánuco;Pachitea;Umari
090801;Huánuco;Puerto Inca;Honoria
090802;Huánuco;Puerto Inca;Puerto Inca
090803;Huánuco;Puerto Inca;Codo del Pozuzo
090804;Huánuco;Puerto Inca;Tournavista
090805;Huánuco;Puerto Inca;Yuyapichis
090901;Huánuco;Huacaybamba;Huacaybamba
090902;Huánuco;Huacaybamba;Pinra
090903;Huánuco;Huacaybamba;Canchabamba
091102;Huánuco;Yarowilca;Aparicio Pomares
091108;Huánuco;Yarowilca;Choras
100101;Ica;Ica;Ica
100102;Ica;Ica;La Tinguiña
100103;Ica;Ica;Los Aquijes
100104;Ica;Ica;Parcona
100106;Ica;Ica;Salas
100107;Ica;Ica;San José de Los Molinos
100110;Ica;Ica;Subtanjalla
100111;Ica;Ica;Yauca Del Rosario
100112;Ica;Ica;Tate
100113;Ica;Ica;Pachacútec
100114;Ica;Ica;Ocucaje
100201;Ica;Chincha;Chincha Alta
100202;Ica;Chincha;Chavín
100203;Ica;Chincha;Chincha Baja
100205;Ica;Chincha;Grocio Prado
100206;Ica;Chincha;San Pedro de Huacarpana
100207;Ica;Chincha;Sunampe
100208;Ica;Chincha;Tambo de Mora
100209;Ica;Chincha;Alto Laran
100211;Ica;Chincha;San Juan de Yánac
100301;Ica;Nasca;CAMINACA
100302;Ica;Nasca;Changuillo
100303;Ica;Nasca;El Ingenio
100304;Ica;Nasca;Marcona
100401;Ica;Pisco;Pisco
100402;Ica;Pisco;Huancano
100403;Ica;Pisco;Humay
100405;Ica;Pisco;Paracas
100406;Ica;Pisco;San Andrés
100407;Ica;Pisco;San Clemente
100408;Ica;Pisco;Túpac Amaru Inca
100501;Ica;Palpa;Palpa
100502;Ica;Palpa;Llipata
100505;Ica;Palpa;Tibillo
110101;Junín;Huancayo;Huancayo
110103;Junín;Huancayo;Carhuacallanga
110105;Junín;Huancayo;Cullhuas
110106;Junín;Huancayo;Chacapampa
110107;Junín;Huancayo;Chicche
110108;Junín;Huancayo;Chilca
110109;Junín;Huancayo;Chongos Alto
110112;Junín;Huancayo;Chupuro
110113;Junín;Huancayo;El Tambo
110114;Junín;Huancayo;Huacrapuquio
110116;Junín;Huancayo;Hualhuas
110118;Junín;Huancayo;Huancán
110119;Junín;Huancayo;Huasicancha
110120;Junín;Huancayo;Huayucachi
110121;Junín;Huancayo;Ingenio
110123;Junín;Huancayo;Pilcomayo
110125;Junín;Huancayo;Quichuay
110126;Junín;Huancayo;Quilcas
110127;Junín;Huancayo;San Agustín
110128;Junín;Huancayo;San Jerónimo de Tunán
110131;Junín;Huancayo;Santo Domingo de Acobamba
110132;Junín;Huancayo;Saño
110133;Junín;Huancayo;Sapallanga
110134;Junín;Huancayo;Sicaya
110136;Junín;Huancayo;Viques
110203;Junín;Concepción;Andamarca
110204;Junín;Concepción;Comas
110206;Junín;Concepción;Chambará
110207;Junín;Concepción;Heroínas Toledo
110208;Junín;Concepción;Manzanares
110210;Junín;Concepción;Matahuasi
110211;Junín;Concepción;Mito
110212;Junín;Concepción;Nueve de Julio
110213;Junín;Concepción;Orcotuna
110214;Junín;Concepción;Santa Rosa de Ocopa
110215;Junín;Concepción;San José de Quero
110301;Junín;Jauja;Jauja
110302;Junín;Jauja;Acolla
110303;Junín;Jauja;Apata
110304;Junín;Jauja;Ataura
110305;Junín;Jauja;Canchayllo
110306;Junín;Jauja;El Mantaro
110307;Junín;Jauja;Huamalí
110308;Junín;Jauja;Huaripampa
110309;Junín;Jauja;Huertas
110310;Junín;Jauja;Janjaillo
110311;Junín;Jauja;Julcán
110312;Junín;Jauja;Leonor Ordóñez
110313;Junín;Jauja;Llocllapampa
110314;Junín;Jauja;Marco
110315;Junín;Jauja;Masma
110316;Junín;Jauja;Molinos
110317;Junín;Jauja;Monobamba
110318;Junín;Jauja;Muqui
110319;Junín;Jauja;Muquiyauyo
110320;Junín;Jauja;Paca
110322;Junín;Jauja;Pancán
110323;Junín;Jauja;Parco
110324;Junín;Jauja;Pomacancha
110325;Junín;Jauja;Ricrán
110326;Junín;Jauja;San Lorenzo
110327;Junín;Jauja;San Pedro de Chunán
110328;Junín;Jauja;Sincos
110329;Junín;Jauja;Tunan Marca
110331;Junín;Jauja;Curicaca
110332;Junín;Jauja;Masma Chicche
110333;Junín;Jauja;Sausa
110334;Junín;Jauja;Yauyos
110401;Junín;Junín;Junín
110402;Junín;Junín;Carhuamayo
110403;Junín;Junín;Ondores
110404;Junín;Junín;Ulcumayo
110501;Junín;Tarma;Tarma
110503;Junín;Tarma;Huaricolca
110504;Junín;Tarma;Huasahuasi
110507;Junín;Tarma;Palcamayo
110508;Junín;Tarma;San Pedro de Cajas
110509;Junín;Tarma;Tapo
110601;Junín;Yauli;La Oroya
110602;Junín;Yauli;Chacapalpa
110603;Junín;Yauli;Huay-Huay
110604;Junín;Yauli;Marcapomacocha
110605;Junín;Yauli;Morococha
110607;Junín;Yauli;Santa Bárbara de Carhuacayán
110608;Junín;Yauli;Suitucancha
110610;Junín;Yauli;Santa Rosa de Sacco
110701;Junín;Satipo;Satipo
110702;Junín;Satipo;Coviriali
110703;Junín;Satipo;Llaylla
110704;Junín;Satipo;Mazamari
110705;Junín;Satipo;Pampa Hermosa
110706;Junín;Satipo;Pangoa
110707;Junín;Satipo;Río Negro
110708;Junín;Satipo;Río Tambo
110709;Junín;Satipo;Vizcatán del Ene
110801;Junín;Chanchamayo;Chanchamayo
110802;Junín;Chanchamayo;San Ramón
110803;Junín;Chanchamayo;Vitoc
110804;Junín;Chanchamayo;San Luis de Shuaro
110805;Junín;Chanchamayo;Pichanaqui
110806;Junín;Chanchamayo;Perené
110901;Junín;Chupaca;Chupaca
110902;Junín;Chupaca;Ahuac
110903;Junín;Chupaca;Chongos Bajo
110904;Junín;Chupaca;Huáchac
110905;Junín;Chupaca;Huamancaca Chico
110906;Junín;Chupaca;San Juan de Iscos
110907;Junín;Chupaca;San Juan de Jarpa
110908;Junín;Chupaca;Tres de Diciembre
110909;Junín;Chupaca;Yanacancha
120101;La Libertad;Trujillo;Trujillo
120102;La Libertad;Trujillo;Huanchaco
120103;La Libertad;Trujillo;Laredo
120104;La Libertad;Trujillo;Moche
120105;La Libertad;Trujillo;Salaverry
120106;La Libertad;Trujillo;Simbal
120107;La Libertad;Trujillo;Victor Larco Herrera
120109;La Libertad;Trujillo;Poroto
120112;La Libertad;Trujillo;Florencia de Mora
120113;La Libertad;Trujillo;Alto Trujillo
120203;La Libertad;Bolívar;Condormarca
120204;La Libertad;Bolívar;Longotea
120205;La Libertad;Bolívar;Ucuncha
120206;La Libertad;Bolívar;Uchumarca
120301;La Libertad;Sánchez Carrión;Huamachuco
120302;La Libertad;Sánchez Carrión;Cochorco
120303;La Libertad;Sánchez Carrión;Curgos
120304;La Libertad;Sánchez Carrión;Chugay
120305;La Libertad;Sánchez Carrión;Marcabal
120306;La Libertad;Sánchez Carrión;Sanagoran
120307;La Libertad;Sánchez Carrión;Sarín
120308;La Libertad;Sánchez Carrión;Sartimbamba
120401;La Libertad;Otuzco;Otuzco
120402;La Libertad;Otuzco;Agallpampa
120403;La Libertad;Otuzco;Charat
120404;La Libertad;Otuzco;Huaranchal
120405;La Libertad;Otuzco;La Cuesta
120408;La Libertad;Otuzco;Paranday
120409;La Libertad;Otuzco;Salpo
120410;La Libertad;Otuzco;Sinsicap
120411;La Libertad;Otuzco;Usquil
120413;La Libertad;Otuzco;Mache
120501;La Libertad;Pacasmayo;San Pedro de Lloc
120503;La Libertad;Pacasmayo;Guadalupe
120504;La Libertad;Pacasmayo;Jequetepeque
120506;La Libertad;Pacasmayo;Pacasmayo
120508;La Libertad;Pacasmayo;San José
120601;La Libertad;Pataz;Tayabamba
120602;La Libertad;Pataz;Buldibuyo
120603;La Libertad;Pataz;Chillia
120604;La Libertad;Pataz;Huaylillas
120605;La Libertad;Pataz;Huancaspata
120606;La Libertad;Pataz;Huayo
120607;La Libertad;Pataz;Ongon
120608;La Libertad;Pataz;Parcoy
120609;La Libertad;Pataz;Pataz
120610;La Libertad;Pataz;Pias
120611;La Libertad;Pataz;Taurija
120612;La Libertad;Pataz;Urpay
120613;La Libertad;Pataz;Santiago de Challas
120701;La Libertad;Santiago de Chuco;Santiago de Chuco
120702;La Libertad;Santiago de Chuco;Cachicadan
120703;La Libertad;Santiago de Chuco;Mollebamba
120705;La Libertad;Santiago de Chuco;Quiruvilca
120706;La Libertad;Santiago de Chuco;Santa Cruz de Chuca
120707;La Libertad;Santiago de Chuco;Sitabamba
120708;La Libertad;Santiago de Chuco;Angasmarca
120801;La Libertad;Ascope;Ascope
120802;La Libertad;Ascope;Chicama
120803;La Libertad;Ascope;Chocope
120804;La Libertad;Ascope;Santiago de Cao
120805;La Libertad;Ascope;Magdalena de Cao
120806;La Libertad;Ascope;Paiján
120807;La Libertad;Ascope;Rázuri
120808;La Libertad;Ascope;Casa Grande
120901;La Libertad;Chepén;Chepén
120902;La Libertad;Chepén;Pacanga
121002;La Libertad;Julcán;Carabamba
121003;La Libertad;Julcán;Calamarca
121004;La Libertad;Julcán;Huaso
121103;La Libertad;Gran Chimú;Marmot
121201;La Libertad;Virú;Virú
121202;La Libertad;Virú;Chao
121203;La Libertad;Virú;Guadalupito
130101;Lambayeque;Chiclayo;Chiclayo
130102;Lambayeque;Chiclayo;Chongoyape
130103;Lambayeque;Chiclayo;Etén
130104;Lambayeque;Chiclayo;Etén Puerto
130105;Lambayeque;Chiclayo;Lagunas
130106;Lambayeque;Chiclayo;Monsefú
130107;Lambayeque;Chiclayo;Nueva Arica
130108;Lambayeque;Chiclayo;Oyotun
130109;Lambayeque;Chiclayo;Picsi
130110;Lambayeque;Chiclayo;Pimentel
130111;Lambayeque;Chiclayo;Reque
130112;Lambayeque;Chiclayo;José Leonardo Ortiz
130114;Lambayeque;Chiclayo;Saña
130115;Lambayeque;Chiclayo;La Victoria
130116;Lambayeque;Chiclayo;Cayaltí
130117;Lambayeque;Chiclayo;Patapo
130118;Lambayeque;Chiclayo;Pomalca
130119;Lambayeque;Chiclayo;Pucala
130120;Lambayeque;Chiclayo;Tumán
130201;Lambayeque;Ferreñafe;Ferreñafe
130202;Lambayeque;Ferreñafe;Incahuasi
130203;Lambayeque;Ferreñafe;Cañaris
130204;Lambayeque;Ferreñafe;Pitipo
130206;Lambayeque;Ferreñafe;Manuel Antonio Mesones Muro
130301;Lambayeque;Lambayeque;Lambayeque
130302;Lambayeque;Lambayeque;Chochope
130303;Lambayeque;Lambayeque;Illimo
130304;Lambayeque;Lambayeque;Jayanca
130305;Lambayeque;Lambayeque;Mochumi
130306;Lambayeque;Lambayeque;Mórrope
130307;Lambayeque;Lambayeque;Motupe
130308;Lambayeque;Lambayeque;Olmos
130309;Lambayeque;Lambayeque;Pacora
130312;Lambayeque;Lambayeque;Tucume
140101;Lima;Lima;Lima
140102;Lima;Lima;Ancón
140103;Lima;Lima;Ate
140104;Lima;Lima;Breña
140105;Lima;Lima;Carabayllo
140107;Lima;Lima;Chaclacayo
140108;Lima;Lima;Chorrillos
140110;Lima;Lima;La Molina
140111;Lima;Lima;Lince
140112;Lima;Lima;Lurigancho
140113;Lima;Lima;Lurín
140114;Lima;Lima;Magdalena Del Mar
140116;Lima;Lima;Pachacámac
140118;Lima;Lima;Pucusana
140119;Lima;Lima;Puente Piedra
140120;Lima;Lima;Punta Hermosa
140121;Lima;Lima;Punta Negra
140122;Lima;Lima;Rímac
140123;Lima;Lima;San Bartolo
140125;Lima;Lima;Barranco
140126;Lima;Lima;San Martin de Porres
140128;Lima;Lima;Santa María del Mar
140130;Lima;Lima;Santiago de Surco
140131;Lima;Lima;Surquillo
140132;Lima;Lima;Villa María Del Triunfo
140133;Lima;Lima;Jesús María
140135;Lima;Lima;El Agustino
140136;Lima;Lima;San Juan de Miraflores
140137;Lima;Lima;San Juan de Lurigancho
140139;Lima;Lima;Cieneguilla
140140;Lima;Lima;San Borja
140141;Lima;Lima;Villa El Salvador
140142;Lima;Lima;Los Olivos
140143;Lima;Lima;Santa Anita
140201;Lima;Cajatambo;Cajatambo
140205;Lima;Cajatambo;Copa
140206;Lima;Cajatambo;Gorgor
140207;Lima;Cajatambo;Huancapón
140208;Lima;Cajatambo;Manas
140301;Lima;Canta;Canta
140302;Lima;Canta;Arahuay
140303;Lima;Canta;Huamantanga
140304;Lima;Canta;Huaros
140305;Lima;Canta;Lachaqui
140307;Lima;Canta;Santa Rosa de Quives
140401;Lima;Cañete;San Vicente de Cañete
140402;Lima;Cañete;Calango
140403;Lima;Cañete;Cerro Azul
140404;Lima;Cañete;Coayllo
140406;Lima;Cañete;Imperial
140407;Lima;Cañete;Lunahuana
140408;Lima;Cañete;Mala
140409;Lima;Cañete;Nuevo Imperial
140410;Lima;Cañete;Pacarán
140411;Lima;Cañete;Quilmana
140414;Lima;Cañete;Santa Cruz de Flores
140415;Lima;Cañete;Zuñiga
140416;Lima;Cañete;Asia
140501;Lima;Huaura;Huacho
140502;Lima;Huaura;Ambar
140504;Lima;Huaura;Caleta de Carquín
140505;Lima;Huaura;Checras
140506;Lima;Huaura;Hualmay
140507;Lima;Huaura;Huaura
140509;Lima;Huaura;Paccho
140511;Lima;Huaura;Santa Leonor
140512;Lima;Huaura;Santa María
140513;Lima;Huaura;Sayán
140516;Lima;Huaura;Vegueta
140601;Lima;Huarochirí;Matucana
140602;Lima;Huarochirí;Antioquía
140603;Lima;Huarochirí;Callahuanca
140604;Lima;Huarochirí;Carampoma
140605;Lima;Huarochirí;San Pedro de Casta
140606;Lima;Huarochirí;San José de los Chorrillos
140607;Lima;Huarochirí;Chicla
140608;Lima;Huarochirí;Huanza
140609;Lima;Huarochirí;Huarochirí
140610;Lima;Huarochirí;Lahuaytambo
140611;Lima;Huarochirí;Langa
140612;Lima;Huarochirí;Mariatana
140613;Lima;Huarochirí;Ricardo Palma
140614;Lima;Huarochirí;San Andrés de Tupicocha
140616;Lima;Huarochirí;San Bartolomé
140617;Lima;Huarochirí;San Damian
140618;Lima;Huarochirí;Sangallaya
140619;Lima;Huarochirí;San Juan de Tantaranche
140620;Lima;Huarochirí;San Lorenzo de Quinti
140621;Lima;Huarochirí;San Mateo
140622;Lima;Huarochirí;San Mateo de Otao
140623;Lima;Huarochirí;San Pedro de Huancayre
140624;Lima;Huarochirí;Santa Cruz de Cocachacra
140625;Lima;Huarochirí;Santa Eulalia
140626;Lima;Huarochirí;Santiago de Anchucaya
140627;Lima;Huarochirí;Santiago de Tuna
140628;Lima;Huarochirí;Santo Domingo de Los Olleros
140629;Lima;Huarochirí;Surco
140630;Lima;Huarochirí;Huachupampa
140631;Lima;Huarochirí;San Pedro de Laraos
140632;Lima;Huarochirí;San Juan de Iris
140702;Lima;Yauyos;Alis
140703;Lima;Yauyos;Allauca
140704;Lima;Yauyos;Ayaviri
140705;Lima;Yauyos;Azángaro
140706;Lima;Yauyos;Cacra
140707;Lima;Yauyos;Carania
140709;Lima;Yauyos;Colonia
140710;Lima;Yauyos;Chocos
140711;Lima;Yauyos;Huampara
140712;Lima;Yauyos;Huancaya
140713;Lima;Yauyos;Huangascar
140714;Lima;Yauyos;Huantan
140715;Lima;Yauyos;Huañec
140716;Lima;Yauyos;Laraos
140717;Lima;Yauyos;Lincha
140719;Lima;Yauyos;Omas
140720;Lima;Yauyos;Quinches
140721;Lima;Yauyos;Quinocay
140722;Lima;Yauyos;San Joaquín
140723;Lima;Yauyos;San Pedro de Pilas
140724;Lima;Yauyos;Tanta
140725;Lima;Yauyos;Tauripampa
140726;Lima;Yauyos;Tupe
140727;Lima;Yauyos;Tomás
140728;Lima;Yauyos;Viñac
140729;Lima;Yauyos;Vitis
140730;Lima;Yauyos;Hongos
140731;Lima;Yauyos;Madean
140732;Lima;Yauyos;Putinza
140733;Lima;Yauyos;Catahuasi
140801;Lima;Huaral;Huaral
140802;Lima;Huaral;Atavillos Alto
140803;Lima;Huaral;Atavillos Bajo
140804;Lima;Huaral;Aucallama
140806;Lima;Huaral;Ihuari
140807;Lima;Huaral;Lampián
140808;Lima;Huaral;Pacaraos
140809;Lima;Huaral;San Miguel de Acos
140810;Lima;Huaral;Veintisiete de Noviembre
140811;Lima;Huaral;Santa Cruz de Andamarca
140812;Lima;Huaral;Sumbilca
140901;Lima;Barranca;Barranca
140902;Lima;Barranca;Paramonga
140903;Lima;Barranca;Pativilca
140904;Lima;Barranca;Supe
140905;Lima;Barranca;Supe Puerto
141001;Lima;Oyón;Oyón
141002;Lima;Oyón;Naván
141003;Lima;Oyón;Caujul
141004;Lima;Oyón;Andajes
141005;Lima;Oyón;Pachangara
141006;Lima;Oyón;Cochamarca
150101;Loreto;Maynas;Iquitos
150102;Loreto;Maynas;Alto Nanay
150103;Loreto;Maynas;Fernando Lores
150104;Loreto;Maynas;Las Amazonas
150105;Loreto;Maynas;Mazan
150106;Loreto;Maynas;Napo
150107;Loreto;Maynas;Putumayo
150108;Loreto;Maynas;Torres Causana
150109;Loreto;Maynas;Yaquerana
150110;Loreto;Maynas;Indiana
150111;Loreto;Maynas;Punchana
150114;Loreto;Maynas;Teniente Manuel Clavero
150201;Loreto;Alto Amazonas;Yurimaguas
150202;Loreto;Alto Amazonas;Balsapuerto
150204;Loreto;Alto Amazonas;Cahuapanas
150205;Loreto;Alto Amazonas;Jeberos
150207;Loreto;Alto Amazonas;Manseriche
150208;Loreto;Alto Amazonas;Morona
150209;Loreto;Alto Amazonas;Pastaza
150211;Loreto;Alto Amazonas;Teniente César López Rojas
150212;Loreto;Alto Amazonas;Andoas
150301;Loreto;Loreto;Nauta
150302;Loreto;Loreto;Parinari
150303;Loreto;Loreto;Tigre
150304;Loreto;Loreto;Urarinas
150305;Loreto;Loreto;Trompeteros
150401;Loreto;Requena;Requena
150402;Loreto;Requena;Alto Tapiche
150403;Loreto;Requena;Capelo
150404;Loreto;Requena;Emilio San Martín
150405;Loreto;Requena;Maquia
150406;Loreto;Requena;Puinahua
150407;Loreto;Requena;Saquena
150408;Loreto;Requena;Soplin
150409;Loreto;Requena;Tapiche
150410;Loreto;Requena;Jenaro Herrera
150501;Loreto;Ucayali;Contamana
150502;Loreto;Ucayali;Vargas Guerra
150503;Loreto;Ucayali;Padre Márquez
150505;Loreto;Ucayali;Sarayacu
150506;Loreto;Ucayali;Inahuaya
150601;Loreto;Mariscal Ramón Castilla;Ramón Castilla
150602;Loreto;Mariscal Ramón Castilla;Pebas
150603;Loreto;Mariscal Ramón Castilla;Yavari
150605;Loreto;Mariscal Ramón Castilla;ANTA
150801;Loreto;Coronel Portillo;Masisea
150902;Loreto;Putumayo;Rosa Panduro
150904;Loreto;Putumayo;Yaguas
160101;Madre de Dios;Tambopata;Tambopata
160102;Madre de Dios;Tambopata;Inambari
160103;Madre de Dios;Tambopata;Las Piedras
160104;Madre de Dios;Tambopata;Laberinto
160201;Madre de Dios;Manu;Manu
160202;Madre de Dios;Manu;Fitzcarrald
160203;Madre de Dios;Manu;Madre de Dios
160204;Madre de Dios;Manu;Huepetuhe
160301;Madre de Dios;Tahuamanu;Iñapari
160302;Madre de Dios;Tahuamanu;Iberia
160303;Madre de Dios;Tahuamanu;Tahuamanu
170101;Moquegua;Mariscal Nieto;Moquegua
170102;Moquegua;Mariscal Nieto;Carumas
170103;Moquegua;Mariscal Nieto;Cuchumbaya
170105;Moquegua;Mariscal Nieto;Torata
170106;Moquegua;Mariscal Nieto;Samegua
170201;Moquegua;General Sánchez Cerro;Omate
170202;Moquegua;General Sánchez Cerro;Coalaque
170203;Moquegua;General Sánchez Cerro;Chojata
170204;Moquegua;General Sánchez Cerro;Ichuña
170205;Moquegua;General Sánchez Cerro;La Capilla
170206;Moquegua;General Sánchez Cerro;Lloque
170207;Moquegua;General Sánchez Cerro;Matalaque
170208;Moquegua;General Sánchez Cerro;Puquina
170209;Moquegua;General Sánchez Cerro;Quinistaquillas
170210;Moquegua;General Sánchez Cerro;Ubinas
170211;Moquegua;General Sánchez Cerro;Yunga
170301;Moquegua;Ilo;Ilo
170302;Moquegua;Ilo;El Algarrobal
170303;Moquegua;Ilo;Pacocha
180101;Pasco;Pasco;Chaupimarca
180103;Pasco;Pasco;Huachón
180104;Pasco;Pasco;Huariaca
180105;Pasco;Pasco;Huayllay
180106;Pasco;Pasco;Ninacaca
180107;Pasco;Pasco;Pallanchacra
180109;Pasco;Pasco;SAN FRANCISCO DE ASIS DE YARUSYACAN
180110;Pasco;Pasco;Simón Bolívar
180111;Pasco;Pasco;Ticlacayan
180112;Pasco;Pasco;Tinyahuarco
180113;Pasco;Pasco;Vicco
180201;Pasco;Daniel Alcides Carrión;Yanahuanca
180202;Pasco;Daniel Alcides Carrión;Chacayan
180203;Pasco;Daniel Alcides Carrión;Goyllarisquizga
180204;Pasco;Daniel Alcides Carrión;Paucar
180205;Pasco;Daniel Alcides Carrión;San Pedro de Pillao
180206;Pasco;Daniel Alcides Carrión;Santa Ana de Tusi
180207;Pasco;Daniel Alcides Carrión;Tapuc
180301;Pasco;Oxapampa;Oxapampa
180302;Pasco;Oxapampa;Chontabamba
180303;Pasco;Oxapampa;Huancabamba
180304;Pasco;Oxapampa;Puerto Bermúdez
180305;Pasco;Oxapampa;Villa Rica
180306;Pasco;Oxapampa;Pozuzo
180307;Pasco;Oxapampa;Palcazu
180308;Pasco;Oxapampa;Constitución
190101;Piura;Piura;Piura
190103;Piura;Piura;Castilla
190104;Piura;Piura;Catacaos
190105;Piura;Piura;La Arena
190107;Piura;Piura;Las Lomas
190109;Piura;Piura;Tambo Grande
190113;Piura;Piura;Cura Mori
190114;Piura;Piura;El Tallán
190115;Piura;Piura;Veintiséis de Octubre
190201;Piura;Ayabaca;Ayabaca
190202;Piura;Ayabaca;Frías
190204;Piura;Ayabaca;Montero
190205;Piura;Ayabaca;Pacaipampa
190206;Piura;Ayabaca;Sapillica
190207;Piura;Ayabaca;Sicchez
190208;Piura;Ayabaca;Suyo
190209;Piura;Ayabaca;Jilili
190210;Piura;Ayabaca;Paimas
190302;Piura;Huancabamba;Canchaque
190303;Piura;Huancabamba;Huarmaca
190304;Piura;Huancabamba;Sondor
190305;Piura;Huancabamba;Sondorillo
190306;Piura;Huancabamba;El Carmen de La Frontera
190307;Piura;Huancabamba;San Miguel de El Faique
190308;Piura;Huancabamba;Lalaquiz
190401;Piura;Morropón;Chulucanas
190402;Piura;Morropón;Buenos Aires
190403;Piura;Morropón;Chalaco
190404;Piura;Morropón;Morropón
190405;Piura;Morropón;Salitral
190406;Piura;Morropón;Santa Catalina de Mossa
190407;Piura;Morropón;Santo Domingo
190408;Piura;Morropón;La Matanza
190409;Piura;Morropón;Yamango
190410;Piura;Morropón;San Juan de Bigote
190501;Piura;Paita;Paita
190502;Piura;Paita;Amotape
190503;Piura;Paita;Arenal
190504;Piura;Paita;La Huaca
190505;Piura;Paita;Colan
190506;Piura;Paita;Tamarindo
190507;Piura;Paita;Vichayal
190601;Piura;Sullana;Sullana
190603;Piura;Sullana;Lancones
190604;Piura;Sullana;Marcavelica
190605;Piura;Sullana;Miguel Checa
190606;Piura;Sullana;Querecotillo
190608;Piura;Sullana;Ignacio Escudero
190701;Piura;Talara;Pariñas
190702;Piura;Talara;El Alto
190703;Piura;Talara;La Brea
190704;Piura;Talara;Lobitos
190705;Piura;Talara;Máncora
190706;Piura;Talara;Los Órganos
190801;Piura;Sechura;Sechura
190802;Piura;Sechura;Vice
190803;Piura;Sechura;Bernal
190804;Piura;Sechura;Bellavista de La Unión
190805;Piura;Sechura;Cristo Nos Valga
190806;Piura;Sechura;RINCONADA LLICUAR
200101;Puno;Puno;Puno
200102;Puno;Puno;Acora
200103;Puno;Puno;Atuncolla
200104;Puno;Puno;Capachica
200105;Puno;Puno;Coata
200106;Puno;Puno;Chucuito
200108;Puno;Puno;Mañazo
200109;Puno;Puno;Paucarcolla
200110;Puno;Puno;Pichacani
200112;Puno;Puno;Tiquillaca
200113;Puno;Puno;Vilque
200114;Puno;Puno;Platería
200115;Puno;Puno;Amantani
200202;Puno;Azángaro;Achaya
200203;Puno;Azángaro;Arapa
200204;Puno;Azángaro;Asillo
200205;Puno;Azángaro;Caminaca
200206;Puno;Azángaro;Chupa
200207;Puno;Azángaro;José Domingo Choquehuanca
200208;Puno;Azángaro;Muñani
200210;Puno;Azángaro;Potoni
200212;Puno;Azángaro;Saman
200213;Puno;Azángaro;San Antón
200215;Puno;Azángaro;San Juan de Salinas
200216;Puno;Azángaro;Santiago de Pupuja
200217;Puno;Azángaro;Tirapata
200301;Puno;Carabaya;Macusani
200302;Puno;Carabaya;Ajoyani
200303;Puno;Carabaya;Ayapata
200304;Puno;Carabaya;Coasa
200305;Puno;Carabaya;Corani
200306;Puno;Carabaya;Crucero
200307;Puno;Carabaya;Ituata
200308;Puno;Carabaya;Ollachea
200309;Puno;Carabaya;San Gabán
200310;Puno;Carabaya;Usicayos
200401;Puno;Chucuito;Juli
200402;Puno;Chucuito;Desaguadero
200403;Puno;Chucuito;Huacullani
200406;Puno;Chucuito;Pisacoma
200407;Puno;Chucuito;Pomata
200410;Puno;Chucuito;Zepita
200412;Puno;Chucuito;Kelluyo
200501;Puno;Huancané;Huancané
200502;Puno;Huancané;Cojata
200504;Puno;Huancané;Inchupalla
200506;Puno;Huancané;Pusi
200507;Puno;Huancané;Rosaspata
200508;Puno;Huancané;Taraco
200509;Puno;Huancané;Vilque Chico
200511;Puno;Huancané;Huatasani
200602;Puno;Lampa;Cabanilla
200603;Puno;Lampa;Calapuja
200604;Puno;Lampa;Nicasio
200605;Puno;Lampa;Ocuviri
200607;Puno;Lampa;Paratia
200610;Puno;Lampa;Vilavila
200702;Puno;Melgar;Antauta
200703;Puno;Melgar;Cupi
200704;Puno;Melgar;Llalli
200705;Puno;Melgar;Macari
200706;Puno;Melgar;Nuñoa
200707;Puno;Melgar;Orurillo
200709;Puno;Melgar;Umachiri
200801;Puno;Sandia;Sandia
200803;Puno;Sandia;Cuyocuyo
200804;Puno;Sandia;Limbani
200805;Puno;Sandia;Phara
200806;Puno;Sandia;Patambuco
200807;Puno;Sandia;Quiaca
200808;Puno;Sandia;San Juan del Oro
200810;Puno;Sandia;Yanahuaya
200811;Puno;Sandia;Alto Inambari
200812;Puno;Sandia;San Pedro de Putina Punco
200901;Puno;San Román;Juliaca
200903;Puno;San Román;Cabanillas
200904;Puno;San Román;Caracoto
201001;Puno;Yunguyo;Yunguyo
201002;Puno;Yunguyo;Unicachi
201003;Puno;Yunguyo;Anapia
201004;Puno;Yunguyo;Copani
201005;Puno;Yunguyo;Cuturapi
201006;Puno;Yunguyo;Ollaraya
201007;Puno;Yunguyo;Tinicachi
201101;Puno;San Antonio de Putina;Putina
201102;Puno;San Antonio de Putina;Pedro Vilca Apaza
201103;Puno;San Antonio de Putina;Quilcapuncu
201104;Puno;San Antonio de Putina;Ananea
201105;Puno;San Antonio de Putina;Sina
201201;Puno;El Collao;Ilave
201202;Puno;El Collao;Pilcuyo
201204;Puno;El Collao;CAPAZO
201205;Puno;El Collao;Conduriri
201301;Puno;Moho;Moho
201302;Puno;Moho;Conima
201303;Puno;Moho;Tilali
201304;Puno;Moho;Huayrapata
210101;San Martín;Moyobamba;Moyobamba
210102;San Martín;Moyobamba;Calzada
210103;San Martín;Moyobamba;Habana
210104;San Martín;Moyobamba;Jepelacio
210105;San Martín;Moyobamba;Soritor
210106;San Martín;Moyobamba;Yantalo
210201;San Martín;Huallaga;Saposoa
210202;San Martín;Huallaga;Piscoyacu
210203;San Martín;Huallaga;Sacanche
210204;San Martín;Huallaga;Tingo de Saposoa
210205;San Martín;Huallaga;Alto Saposoa
210206;San Martín;Huallaga;El Eslabón
210301;San Martín;Lamas;Lamas
210303;San Martín;Lamas;Barranquita
210304;San Martín;Lamas;Caynarachi
210305;San Martín;Lamas;Cuñumbuqui
210306;San Martín;Lamas;Pinto Recodo
210307;San Martín;Lamas;Rumisapa
210311;San Martín;Lamas;Shanao
210313;San Martín;Lamas;Tabalosos
210314;San Martín;Lamas;Zapatero
210315;San Martín;Lamas;Alonso de Alvarado
210316;San Martín;Lamas;San Roque de Cumbaza
210401;San Martín;Mariscal Cáceres;Juanjuí
210402;San Martín;Mariscal Cáceres;Campanilla
210403;San Martín;Mariscal Cáceres;Huicungo
210404;San Martín;Mariscal Cáceres;Pachiza
210405;San Martín;Mariscal Cáceres;Pajarillo
210501;San Martín;Rioja;Rioja
210502;San Martín;Rioja;Posic
210503;San Martín;Rioja;Yorongos
210504;San Martín;Rioja;Yuracyacu
210505;San Martín;Rioja;Nueva Cajamarca
210506;San Martín;Rioja;Elias Soplín Vargas
210507;San Martín;Rioja;San Fernando
210508;San Martín;Rioja;Pardo Miguel
210509;San Martín;Rioja;Awajun
210601;San Martín;San Martín;Tarapoto
210602;San Martín;San Martín;Alberto Leveau
210604;San Martín;San Martín;Cacatachi
210606;San Martín;San Martín;Chazuta
210607;San Martín;San Martín;Chipurana
210609;San Martín;San Martín;Huimbayoc
210610;San Martín;San Martín;Juan Guerra
210611;San Martín;San Martín;Morales
210612;San Martín;San Martín;Papaplaya
210619;San Martín;San Martín;Sauce
210620;San Martín;San Martín;Shapaja
210621;San Martín;San Martín;La Banda de Shilcayo
210704;San Martín;Bellavista;Alto Biavo
210705;San Martín;Bellavista;Huallaga
210706;San Martín;Bellavista;Bajo Biavo
210801;San Martín;Tocache;Tocache
210802;San Martín;Tocache;Nuevo Progreso
210803;San Martín;Tocache;Pólvora
210804;San Martín;Tocache;Shunte
210805;San Martín;Tocache;Uchiza
210901;San Martín;Picota;Picota
210903;San Martín;Picota;CASPISAPA
210904;San Martín;Picota;Pilluana
210905;San Martín;Picota;Pucacaca
210907;San Martín;Picota;San Hilarión
210908;San Martín;Picota;Tingo de Ponasa
210909;San Martín;Picota;Tres Unidos
210910;San Martín;Picota;Shamboyacu
211001;San Martín;El Dorado;San José de Sisa
211002;San Martín;El Dorado;Agua Blanca
211003;San Martín;El Dorado;Shatoja
211004;San Martín;El Dorado;San Martín
220101;Tacna;Tacna;Tacna
220102;Tacna;Tacna;Calana
220104;Tacna;Tacna;Inclán
220107;Tacna;Tacna;Pachia
220109;Tacna;Tacna;Pocollay
220110;Tacna;Tacna;Sama
220111;Tacna;Tacna;Alto de La Alianza
220112;Tacna;Tacna;Ciudad Nueva
220113;Tacna;Tacna;Coronel Gregorio Albarracin Lanchipa
220114;Tacna;Tacna;La Yarada los Palos
220201;Tacna;Tarata;Tarata
220205;Tacna;Tarata;Héroes Albarracín
220206;Tacna;Tarata;Estique
220207;Tacna;Tarata;ESTIQUE-PAMPA
220210;Tacna;Tarata;Sitajara
220211;Tacna;Tarata;Susapaya
220212;Tacna;Tarata;Tarucachi
220213;Tacna;Tarata;Ticaco
220301;Tacna;Jorge Basadre;Locumba
220302;Tacna;Jorge Basadre;Ite
220303;Tacna;Jorge Basadre;Ilabaya
220401;Tacna;Candarave;Candarave
220402;Tacna;Candarave;Cairani
220403;Tacna;Candarave;Curibaya
220404;Tacna;Candarave;Huanuara
220405;Tacna;Candarave;Quilahuani
220406;Tacna;Candarave;Camilaca
230101;Tumbes;Tumbes;Tumbes
230102;Tumbes;Tumbes;Corrales
230103;Tumbes;Tumbes;La Cruz
230104;Tumbes;Tumbes;Pampas de Hospital
230105;Tumbes;Tumbes;San Jacinto
230106;Tumbes;Tumbes;San Juan de La Virgen
230201;Tumbes;Contralmirante Villar;Zorritos
230202;Tumbes;Contralmirante Villar;Casitas
230203;Tumbes;Contralmirante Villar;Canoas de Punta Sal
230301;Tumbes;Zarumilla;Zarumilla
230302;Tumbes;Zarumilla;Matapalo
230303;Tumbes;Zarumilla;Papayal
230304;Tumbes;Zarumilla;Aguas Verdes
240101;Callao;Callao;Callao
240103;Callao;Callao;La Punta
240104;Callao;Callao;CARMEN DE LA LEGUA REYNOSO
240105;Callao;Callao;La Perla
240106;Callao;Callao;Ventanilla
240107;Callao;Callao;Mi Perú
250101;Ucayali;Coronel Portillo;Calleria
250102;Ucayali;Coronel Portillo;Yarinacocha
250104;Ucayali;Coronel Portillo;Campoverde
250105;Ucayali;Coronel Portillo;Iparia
250106;Ucayali;Coronel Portillo;Nueva Requena
250107;Ucayali;Coronel Portillo;Manantay
250201;Ucayali;Padre Abad;Padre Abad
250202;Ucayali;Padre Abad;Irazola
250203;Ucayali;Padre Abad;Curimaná
250204;Ucayali;Padre Abad;Neshuya
250205;Ucayali;Padre Abad;Alexander Von Humboldt
250206;Ucayali;Padre Abad;Boquerón
250207;Ucayali;Padre Abad;Huipoca
250301;Ucayali;Atalaya;Raimondi
250302;Ucayali;Atalaya;Tahuania
250303;Ucayali;Atalaya;Yurua
250304;Ucayali;Atalaya;Sepahua
250401;Ucayali;Purús;Purús
300102;Tacna;ICA;TARICA
